name,age,count,country_id,source
debbie,58,21011,,live
debbie,58,21011,,live
harry,75,26070,,live
dick,78,4150,,live
dick,78,4150,,live
dick,78,4150,,live
john,74,277407,,live
john,74,277407,,live
john,74,277407,,live
nguyen,59,4022,VN,live
tan,62,153,VN,live
sally,38,13,VN,live
linh,42,436,VN,live
bob,72,4467,US,live
bob,76,169,PH,live
jessica,44,2250,PH,live
jessica,40,155435,,live
angel,59,105202,,live
angel,53,1599,MX,live
angel,57,1237,PH,live
angel,53,3007,US,live
angel,52,477,SA,live
angel,49,30,SH,live
angel,68,59,IR,live
angel,45,22,GM,live
angel,51,401,GR,live
ashley,44,23003,,live
ashley,39,10769,US,live
ashley,42,341,CA,live
ashley,48,162,AU,live
ashley,42,20,JP,live
ashley,48,5,BR,live
ashley,37,1,BA,live
ashley,39,2,BN,live
ashley,30,2,BI,live
ashley,41,4837,GB,live
ben,57,84063,,live
ben,50,10936,US,live
ben,44,13486,GB,live
ben,52,23,VN,live
zack,52,5016,,live
zach,37,2631,,live
zachary,32,4582,,live
zachary,37,3967,US,live
quang,60,919,,live
quang,52,275,US,live
quang,59,427,VN,live
